{
    "accuracy": 0.9264787946428571,
    "precision": 0.8390137781000725,
    "recall": 0.7913816689466484,
    "auc": 0.9731590286078972
}